CNPJ_CIA;DENOM_CIA
08.773.135/0001-00;2W ECOBANK S.A.
01.851.771/0001-55;524 PARTICIPACOES S.A.
08.827.501/0001-58;AEGEA SANEAMENTO E PARTICIPAÇÕES S.A.
12.528.708/0001-07;AERIS IND. E COM. DE EQUIP. PARA GER. DE ENG. S.A.
21.240.146/0001-84;AGROGALAXY PARTICIPAÇÕES S.A. - EM RECUPERAÇÃO JUDICIAL
17.167.396/0001-69;ALFA HOLDINGS S.A.
71.208.516/0001-74;ALGAR TELECOM S/A
42.771.949/0001-35;ALLIANÇA SAÚDE E PARTICIPAÇÕES S.A.
05.878.397/0001-32;ALLOS S.A.
60.537.263/0001-66;ALLPARK EMPREENDIMENTOS, PARTICIPAÇÕES E SERVIÇOS S.A.
23.041.875/0001-37;ALMACENES ÉXITO S.A.
82.120.676/0001-83;ALMEIDA JUNIOR SHOPPING CENTERS S.A.
61.079.117/0001-05;ALPARGATAS S.A.
11.721.921/0001-60;ALPER CONSULTORIA E CORRETORA DE SEGUROS S.A.
16.811.931/0001-00;ALPHAVILLE S.A.
02.783.423/0001-50;ALTERE SECURITIZADORA S.A.
08.262.121/0001-13;ALUBAR METAIS E CABOS S.A.
08.364.948/0001-38;ALUPAR INVESTIMENTO S/A
07.526.557/0001-00;AMBEV S.A.
12.648.266/0001-24;AMBIPAR PARTICIPAÇÕES E EMPREENDIMENTOS S.A.
00.776.574/0001-56;AMERICANAS S.A. - EM RECUPERAÇÃO JUDICIAL
03.494.776/0001-01;AMMO VAREJO S.A.
33.050.071/0001-58;AMPLA ENERGIA E SERVICOS S.A.
09.288.252/0001-32;ANIMA HOLDING S.A.
24.624.551/0001-94;ARGO ENERGIA EMPREENDIMENTOS E PARTICIPAÇÕES S/A
24.624.490/0001-65;ARGO TRANSMISSÃO DE ENERGIA S/A
20.514.590/0001-88;ARGO V TRANSMISSÃO DE ENERGIA S.A.
20.514.555/0001-69;ARGO VI TRANSMISSÃO DE ENERGIA S.A.
00.242.184/0001-04;ARMAC LOCAÇÃO, LOGÍSTICA E SERVIÇOS S.A.
02.919.555/0001-67;ARTERIS S.A.
09.359.927/0001-97;ASA BRANCA HOLDING S.A.
38.286.323/0001-66;ASSURUÁ 4 E 5 HOLDING ENERGIA S.A.
75.315.333/0001-09;ATACADÃO S.A.
04.032.433/0001-80;ATMA PARTICIPAÇÕES S.A. - EM RECUPERAÇÃO JUDICIAL
23.994.857/0001-70;ATOM EDUCAÇÃO E EDITORA S.A.
08.213.823/0001-07;AURA ALMAS MINERAÇÃO S.A.
07.857.093/0001-14;AURA MINERALS INC.
28.594.234/0001-23;AUREN ENERGIA S.A.
00.194.724/0001-13;AUREN OPERAÇÕES S.A.
37.663.076/0001-07;AUREN PARTICIPAÇÕES S.A.
35.654.688/0001-08;AUTOMOB PARTICIPAÇÕES S.A.
43.513.237/0001-89;AUTOMOB S.A.
09.326.342/0001-70;AUTOPISTA FERNÃO DIAS SA
09.324.949/0001-11;AUTOPISTA FLUMINENSE SA
09.313.969/0001-97;AUTOPISTA LITORAL SUL
09.325.109/0001-73;AUTOPISTA PLANALTO SUL SA
09.336.431/0001-06;AUTOPISTA REGIS BITTENCOURT SA
61.351.532/0001-68;AZEVEDO E TRAVASSOS S.A.
09.305.994/0001-29;AZUL S.A.
16.590.234/0001-76;AZZAS 2154 S.A.
07.636.657/0001-99;AÇO VERDE DO BRASIL S.A
09.346.601/0001-25;B3 S.A. - BRASIL, BOLSA, BALCÃO
45.987.245/0001-92;BAHEMA EDUCAÇÃO S.A.
61.186.680/0001-74;BANCO BMG S/A
17.157.777/0001-67;BANCO NACIONAL S.A.
62.307.848/0001-15;BANCO RCI BRASIL S.A.
28.127.603/0001-78;BANESTES S.A. - BCO EST ESPIRITO SANTO
92.721.232/0001-57;BANRISUL ARMAZENS GERAIS SA
60.851.615/0001-53;BARDELLA S.A. INDUSTRIAS MECANICAS EM RECUPERAÇÃO JUDICIAL
61.374.161/0001-30;BAUMER S.A.
17.344.597/0001-94;BB SEGURIDADE PARTICIPAÇÕES S.A.
01.107.327/0001-20;BBM LOGÍSTICA S.A.
28.195.667/0001-06;BCO ABC BRASIL S.A.
04.902.979/0001-44;BCO AMAZONIA S.A.
60.746.948/0001-12;BCO BRADESCO S.A.
00.000.000/0001-91;BCO BRASIL S.A.
30.306.294/0001-45;BCO BTG PACTUAL S.A.
62.232.889/0001-90;BCO DAYCOVAL S.A.
13.009.717/0001-46;BCO ESTADO DE SERGIPE S.A. - BANESE
04.913.711/0001-08;BCO ESTADO DO PARA S.A.
92.702.067/0001-96;BCO ESTADO DO RIO GRANDE DO SUL S.A.
17.184.037/0001-10;BCO MERCANTIL DO BRASIL S.A.
59.285.411/0001-13;BCO PAN S.A.
62.144.175/0001-20;BCO PINE S.A
90.400.888/0001-42;BCO SANTANDER (BRASIL) S.A.
09.042.817/0001-05;BEMOBI MOBILE TECH S.A.
02.762.124/0001-30;BETAPART PARTICIPACOES S.A.
56.992.423/0001-90;BICICLETAS MONARK S.A.
04.752.991/0001-10;BIOMM S.A.
04.069.709/0001-02;BIONEXO S.A.
58.430.828/0001-60;BLAU FARMACÊUTICA S.A.
24.921.465/0001-43;BLUEFIT ACADEMIAS DE GINÁSTICA E PARTICIPAÇÕES S.A.
00.383.281/0001-09;BNDES PARTICIPACOES S.A. - BNDESPAR
10.807.374/0001-77;BOA SAFRA SEMENTES S.A.
50.564.053/0001-03;BOMBRIL S.A. - EM RECUPERAÇÃO JUDICIAL
87.870.952/0001-44;BORRACHAS VIPAL S.A.
10.739.356/0001-03;BR ADVISORY PARTNERS PARTICIPAÇÕES S.A.
06.977.745/0001-91;BR MALLS PARTICIPACOES S.A.
03.847.461/0001-92;BRADESPAR S.A.
09.478.309/0001-66;BRASIL BIOFUELS S.A.
35.764.708/0001-01;BRASIL TECNOLOGIA E PARTICIPAÇÕES S.A.
07.628.528/0001-59;BRASILAGRO - CIA BRAS DE PROP AGRICOLAS
08.773.191/0001-36;BRASILIANA PARTICIPAÇÕES S/A
42.150.391/0001-70;BRASKEM S.A.
12.091.809/0001-55;BRAVA ENERGIA S.A.
14.292.540/0001-09;BRAZIL TOWER, CESSÃO DE INFRA-ESTRUTURAS S.A
03.767.538/0001-14;BRAZILIAN SECURITIES CIA SECURITIZACAO
00.000.208/0001-00;BRB BANCO DE BRASILIA S.A.
01.838.723/0001-27;BRF S.A.
19.796.586/0001-70;BRISANET PARTICIPAÇÕES S.A.
04.601.397/0001-28;BRISANET SERVIÇOS DE TELECOMUNICAÇÕES S.A.
39.580.673/0001-01;BRK AMBIENTAL - REGIÃO METROPOLITANA DE MACEIÓ S.A.
24.396.489/0001-20;BRK AMBIENTAL PARTICIPAÇÕES S.A.
36.542.025/0001-64;BRQ SOLUCOES EM INFORMATICA S.A.
04.065.053/0001-41;BRZ EMPREENDIMENTOS E CONSTRUÇÕES S.A.
03.820.456/0001-96;BSB ENERGÉTICA S.A.
04.626.426/0001-06;BTG PACTUAL COMMODITIES SERTRADING S.A.
45.242.914/0001-05;C&A MODAS S.A.
04.030.182/0001-02;CABINDA PARTICIPACOES S.A.
04.031.213/0001-31;CACONDE PARTICIPACOES S.A.
07.040.108/0001-57;CAGECE - CIA DE AGUA E ESGOTO DO CEARA
04.038.763/0001-82;CAIANDA PARTICIPACOES S.A.
00.979.969/0001-56;CAIXA ADM DIV PUB ESTADUAL SA
22.543.331/0001-00;CAIXA SEGURIDADE PARTICIPAÇÕES S.A.
61.088.894/0001-08;CAMBUCI S.A.
64.904.295/0001-03;CAMIL ALIMENTOS S.A.
41.096.674/0001-19;CANTU STORE S.A.
02.591.787/0001-39;CAPITALPART PARTICIPACOES S.A.
14.882.295/0001-81;CBO HOLDING S.A.
02.846.056/0001-97;CCR S.A.
02.201.787/0001-85;CEL PARTICIPAÇÕES S.A. - CELPAR
31.001.230/0001-07;CELEO REDES TRANSMISSÃO DE ENERGIA S.A.
93.828.986/0001-73;CEMEPE INVESTIMENTOS S.A.
06.981.180/0001-16;CEMIG DISTRIBUICAO S.A.
06.981.176/0001-58;CEMIG GERACAO E TRANSMISSAO S.A.
39.346.861/0350-38;CENCOSUD BRASIL COMERCIAL S.A.
00.001.180/0001-26;CENTRAIS ELET BRAS S.A. - ELETROBRAS
00.357.038/0001-16;CENTRAIS ELÉTRICAS DO NORTE DO BRASIL S.A.
08.322.396/0001-03;CERRADINHO BIOENERGIA S.A.
60.933.603/0001-78;CESP - CIA ENERGETICA DE SAO PAULO
19.014.221/0001-47;CHINA THREE GORGES BRASIL ENERGIA S.A.
47.508.411/0001-56;CIA BRASILEIRA DE DISTRIBUICAO
82.508.433/0001-17;CIA CATARINENSE DE AGUAS E SANEAM.-CASAN
02.016.507/0001-69;CIA DE GER. E TRANS. DE ENERGIA ELÉTRICA DO SUL DO BRASIL
33.938.119/0001-69;CIA DISTRIB DE GAS DO RIO DE JANEIRO-CEG
15.139.629/0001-94;CIA ELETRICIDADE EST. DA BAHIA - COELBA
17.155.730/0001-64;CIA ENERGETICA DE MINAS GERAIS - CEMIG
07.047.251/0001-70;CIA ENERGETICA DO CEARA - COELCE
08.324.196/0001-81;CIA ENERGETICA DO RIO GDE NORTE - COSERN
08.467.115/0001-00;CIA ESTADUAL DE DISTRIB ENER ELET-CEEE-D
33.352.394/0001-04;CIA ESTADUAL DE ÁGUAS E ESGOTOS - CEDAE
15.141.799/0001-03;CIA FERRO LIGAS DA BAHIA - FERBASA
17.245.234/0001-00;CIA FIACAO TECIDOS CEDRO CACHOEIRA
61.856.571/0001-17;CIA GAS DE SAO PAULO - COMGAS
87.762.563/0001-03;CIA HABITASUL DE PARTICIPACOES
76.483.817/0001-20;CIA PARANAENSE DE ENERGIA - COPEL
01.938.783/0001-11;CIA PARTICIPACOES ALIANCA DA BAHIA
33.050.196/0001-88;CIA PAULISTA DE FORCA E LUZ
04.172.213/0001-51;CIA PIRATININGA DE FORCA E LUZ
92.802.784/0001-90;CIA RIOGRANDENSE DE SANEAMENTO
43.776.517/0001-80;CIA SANEAMENTO BASICO EST SAO PAULO
17.281.106/0001-03;CIA SANEAMENTO DE MINAS GERAIS-COPASA MG
76.484.013/0001-45;CIA SANEAMENTO DO PARANA - SANEPAR
33.042.730/0001-04;CIA SIDERURGICA NACIONAL
22.677.520/0001-76;CIA TECIDOS NORTE DE MINAS COTEMINAS
21.255.567/0001-89;CIA TECIDOS SANTANENSE EM RECUPERAÇÃO JUDICIAL
10.319.900/0001-50;CICLUS AMBIENTAL RIO S/A
01.027.058/0001-91;CIELO S.A. -  INSTITUIÇÃO DE PAGAMENTO
00.272.185/0001-93;CIMS S.A.
68.400.225/0001-79;CLARANET TECHNOLOGY S.A.
07.043.628/0001-13;CLARO TELECOM PARTICIPAÇÕES S.A.
03.802.115/0001-98;CLEAR SALE S.A.
43.514.079/0001-81;CLI SUL S.A.
12.420.164/0001-57;CM HOSPITALAR S.A
53.153.938/0001-08;COBASI COMÉRCIO DE PRODUTOS BÁSICOS E INDUSTRIALIZADOS S.A.
61.080.313/0001-91;COBRASMA S.A.
02.800.026/0001-40;COGNA EDUCAÇÃO S.A.
25.369.840/0001-57;COMERC ENERGIA S.A.
61.409.892/0001-73;COMPANHIA BRASILEIRA DE ALUMÍNIO
22.261.473/0001-85;COMPANHIA DE GÁS DE MINAS GERAIS - GASMIG
10.215.988/0001-60;COMPANHIA DE LOCAÇÃO DAS AMÉRICAS
00.070.698/0001-11;COMPANHIA ENERGÉTICA DE BRASÍLIA - CEB
28.925.264/0001-75;COMPANHIA ENERGÉTICA JAGUARA
28.942.127/0001-49;COMPANHIA ENERGÉTICA MIRANDA
19.527.586/0001-75;COMPANHIA ENERGÉTICA SINOP S/A
39.881.421/0001-04;COMPANHIA ESTADUAL DE GERAÇÃO DE ENERGIA ELÉTRICA - CEEE-G
21.254.073/0001-80;COMPANHIA ITAUNENSE ENERGIA E PARTICIPAÇÕES
11.274.829/0001-07;COMPANHIA PAULISTA DE SECURITIZAÇÃO
21.389.501/0001-81;COMPASS GÁS E ENERGIA S.A.
10.531.501/0001-58;CONC AUTO RAPOSO TAVARES S.A.
15.578.569/0001-06;CONC DO AEROPORTO INTERNACIONAL DE GUARULHOS S.A.
02.509.491/0001-26;CONC ECOVIAS IMIGRANTES S.A.
10.841.050/0001-55;CONC ROD AYRTON SENNA E CARV PINTO S.A.-ECOPISTAS
10.678.505/0001-63;CONC RODOVIAS DO TIETÊ S.A.- EM RECUPERAÇÃO JUDICIAL
10.647.979/0001-48;CONC ROTA DAS BANDEIRAS S.A.
02.451.848/0001-62;CONC SIST ANHANG-BANDEIRANT S.A. AUTOBAN
18.572.225/0001-88;CONCEBRA - CONCESSIONARIA DAS RODOVIAS CENTRAIS DO BRASIL
48.851.242/0001-15;CONCESSIONARIA DAS RODOVIAS DO LESTE MS S/A
03.207.703/0001-83;CONCESSIONARIA DE RODOVIAS DO INTERIOR PAULISTA S/A
15.090.690/0001-94;CONCESSIONARIA ECOVIAS DO ARAGUAIA S.A.
41.886.692/0001-02;CONCESSIONARIA ROTA DE SANTA MARIA S.A
19.726.048/0001-00;CONCESSIONÁRIA BR-040 S.A.
36.763.716/0001-98;CONCESSIONÁRIA CATARINENSE DE RODOVIAS S.A.
07.682.638/0001-07;CONCESSIONÁRIA DA LINHA 4 DO METRÔ DE SÃO PAULO S.A.
08.822.767/0001-08;CONCESSIONÁRIA DA RODOVIA MG-050 S.A.
32.161.500/0001-00;CONCESSIONÁRIA DAS RODOVIAS INTEGRADAS DO SUL S.A.
19.642.306/0001-70;CONCESSIONÁRIA DE RODOVIA SUL-MATOGROSSENSE S.A.
44.319.688/0001-42;CONCESSIONÁRIA DO SISTEMA RODOVIÁRIO RIO-SÃO PAULO S.A
35.593.905/0001-05;CONCESSIONÁRIA ECOVIAS DO CERRADO S.A.
22.163.297/0001-49;CONCESSIONÁRIA PONTE RIO-NITERÓI S.A. - ECOPONTE
50.399.553/0001-37;CONCESSIONÁRIA RODOANEL NORTE SPE S.A.
51.742.485/0001-20;CONCESSIONÁRIA RODOVIAS DO CAFÉ SPE S.A.
48.127.008/0001-40;CONCESSIONÁRIA RODOVIAS DO SUL DE MINAS SPE S.A.
48.127.012/0001-08;CONCESSIONÁRIA RODOVIAS DO TRIÂNGULO SPE S.A.
19.521.322/0001-04;CONCESSIONÁRIA ROTA DO OESTE S.A.
15.440.708/0001-30;CONCESSIONÁRIA VIARIO S.A.
10.324.624/0001-18;CONCESSÃO METROVIÁRIA DO RIO DE JANEIRO S.A.
09.116.278/0001-01;CONPEL CIA NORDESTINA PAPEL - EM RECUPERAÇÃO JUDICIAL
61.022.042/0001-18;CONSTRUTORA ADOLPHO LINDENBERG S.A.
71.476.527/0001-35;CONSTRUTORA TENDA S.A.
04.368.898/0001-06;COPEL DISTRIBUIÇÃO S.A.
04.370.282/0001-70;COPEL GERAÇÃO E TRANSMISSÃO S.A.
08.845.676/0001-98;CORPÓREOS - SERVIÇOS TERAPÊUTICOS S.A.
15.114.494/0001-02;CORREDOR LOGÍSTICA E INFRAESTRUTURA S.A.
50.746.577/0001-15;COSAN S.A.
02.429.144/0001-93;CPFL ENERGIA S.A.
08.439.659/0001-50;CPFL ENERGIAS RENOVÁVEIS S.A.
03.953.509/0001-47;CPFL GERACAO DE ENERGIA S.A.
92.715.812/0001-31;CPFL TRANSMISSÃO S.A.
62.984.091/0001-02;CRUZEIRO DO SUL EDUCACIONAL S.A.
08.902.291/0001-15;CSN MINERAÇÃO S.A.
01.896.779/0001-38;CSU DIGITAL S.A.
06.981.381/0001-13;CTC - CENTRO DE TECNOLOGIA CANAVIEIRA S.A.
08.797.760/0001-83;CURY CONSTRUTORA E INCORPORADORA S.A.
10.760.260/0001-19;CVC BRASIL OPERADORA E AGÊNCIA DE VIAGENS S.A.
16.233.389/0001-55;CVLB BRASIL S.A
73.178.600/0001-18;CYRELA BRAZIL REALTY S.A.EMPREEND E PART
07.704.246/0001-93;DATORA PARTICIPAÇÕES E SERVIÇOS S.A.
81.106.957/0001-19;DESCARBONIZE SOLUÇÕES S.A.
08.170.849/0001-15;DESKTOP S.A.
97.837.181/0001-47;DEXCO S.A.
02.193.750/0001-52;DEXXOS PARTICIPAÇÕES S.A.
61.486.650/0001-83;DIAGNOSTICOS DA AMERICA S.A.
65.654.303/0001-73;DIBENS LEASING S.A. - ARREND.MERCANTIL
92.665.611/0001-77;DIMED S.A. DISTRIBUIDORA DE MEDICAMENTOS
07.659.538/0001-51;DINAMICA ENERGIA S.A.
16.614.075/0001-00;DIRECIONAL ENGENHARIA S.A.
84.683.408/0001-03;DOHLER S.A.
18.174.270/0001-84;DOTZ S.A.
03.303.999/0001-36;DTCOM - DIRECT TO COMPANY S.A.
19.208.022/0001-70;ECO050 CONCESSIONÁRIA DE RODOVIAS S.A.
15.484.093/0001-44;ECO101 CONCESSIONÁRIA DE RODOVIAS S.A.
29.884.545/0001-90;ECORIOMINAS CONCESSIONÁRIA DE RODOVIAS S.A.
08.873.873/0001-10;ECORODOVIAS CONCESSÕES E SERVIÇOS S.A.
04.149.454/0001-80;ECORODOVIAS INFRAESTRUTURA E LOGÍSTICA S.A.
03.983.431/0001-03;EDP - ENERGIAS DO BRASIL S.A.
02.302.100/0001-06;EDP SÃO PAULO DISTRIBUIÇÃO DE ENERGIA S.A.
36.146.575/0001-64;EIXO SP CONCESSIONÁRIA DE RODOVIAS S.A.
07.401.436/0001-31;ELDORADO BRASIL CELULOSE S.A.
35.980.592/0001-30;ELEA DIGITAL INFRAESTRUTURA E REDES DE TELECOMUNICAÇÕES S.A.
02.328.280/0001-97;ELEKTRO REDES S.A.
01.104.937/0001-70;ELETROBRÁS PARTICIPAÇÕES S.A. - ELETROPAR
09.347.516/0001-81;ELETROMIDIA S.A.
61.695.227/0001-93;ELETROPAULO METROP. ELET. SAO PAULO S.A.
01.968.293/0001-68;ELETRORIVER S.A.
09.053.134/0001-45;ELFA MEDICAMENTOS S.A.
07.689.002/0001-89;EMBRAER S.A.
19.403.252/0001-90;EMCCAMP RESIDENCIAL S.A.
06.626.253/0001-51;EMPREENDIMENTOS PAGUE MENOS S.A.
11.669.021/0001-10;ENAUTA PARTICIPAÇÕES S.A.
15.413.826/0001-50;ENERGISA MATO GROSSO DO SUL - DIST DE ENERGIA S.A.
03.467.321/0001-99;ENERGISA MATO GROSSO-DISTRIBUIDORA DE ENERGIA S/A
19.527.639/0001-58;ENERGISA MINAS RIO - DISTRIBUIDORA DE ENERGIA S/A
09.095.183/0001-40;ENERGISA PARAÍBA - DISTRIBUIDORA DE ENERGIA S/A
00.864.214/0001-06;ENERGISA S.A.
13.017.462/0001-63;ENERGISA SERGIPE - DISTRIBUIDORA DE ENERGIA S/A
28.201.130/0001-01;ENERGISA TRANSMISSÃO DE ENERGIA S/A
04.423.567/0001-21;ENEVA S.A
14.796.754/0001-04;ENGELHART CTP (BRASIL) S.A.
02.474.103/0001-19;ENGIE BRASIL ENERGIA S.A.
16.922.038/0001-51;ENJOEI S.A.
26.664.057/0001-89;ENTREVIAS CONCESSIONÁRIA DE RODOVIAS S.A.
09.527.023/0001-23;ENVIRONMENTAL ESG PARTICIPAÇÕES S.A.
51.136.974/0001-38;EPR INFRAESTRUTURA PR S.A.
51.137.031/0001-20;EPR LITORAL PIONEIRO S.A.
01.543.032/0001-04;EQUATORIAL GOIÁS DISTRIBUIDORA DE ENERGIA S.A.
06.272.793/0001-84;EQUATORIAL MARANHÃO DISTRIBUIDORA DE ENERGIA S.A.
04.895.728/0001-80;EQUATORIAL PARÁ DISTRIBUIDORA DE ENERGIA S.A.
03.220.438/0001-73;EQUATORIAL S.A.
26.845.702/0001-60;EQUATORIAL TRANSMISSORA 7 SPE S.A.
27.967.244/0001-02;EQUATORIAL TRANSMISSORA 8 SPE S.A.
15.385.166/0001-40;EQUIPAV SANEAMENTO S.A.
07.802.794/0001-56;ESSENTIA PCHS S.A.
61.190.096/0001-92;EUROFARMA LABORATÓRIOS S.A.
43.470.988/0001-65;EVEN CONSTRUTORA E INCORPORADORA S.A.
95.426.862/0001-97;EXCELSIOR ALIMENTOS S.A.
35.727.157/0001-06;EZ INC INCORPORAÇÕES S.A.
08.312.229/0001-73;EZ TEC EMPREEND. E PARTICIPACOES S.A.
79.430.682/0001-22;FARMÁCIA E DROGARIA NISSEI S.A.
12.489.315/0001-23;FERREIRA GOMES ENERGIA S.A.
00.924.429/0001-75;FERROVIA CENTRO-ATLANTICA S.A.
09.257.877/0001-37;FERROVIA NORTE SUL S/A
22.266.175/0001-88;FERTILIZANTES HERINGER S.A.
07.820.907/0001-46;FICA EMPREENDIMENTOS IMOBILIÁRIOS S.A.
59.546.515/0001-34;FISIA COMÉRCIO DE PRODUTOS ESPORTIVOS S.A.
60.840.055/0001-31;FLEURY S.A.
07.823.262/0001-03;FOZ DO RIO CLARO ENERGIA S.A.
88.610.126/0001-29;FRAS-LE S.A.
17.234.244/0001-31;FTL - FERROVIA TRANSNORDESTINA LOGÍSTICA S.A.
38.307.135/0001-77;G2D INVESTMENTS, LTD.
01.545.826/0001-07;GAFISA S.A.
02.796.775/0001-40;GAMA PARTICIPACOES S.A.
08.764.621/0001-53;GENERAL SHOPPING E OUTLETS DO BRASIL BRASIL S.A.
33.611.500/0001-19;GERDAU S.A.
07.714.104/0001-07;GIGA MAIS FIBRA TELECOMUNICAÇÕES S.A.
06.164.253/0001-87;GOL LINHAS AEREAS INTELIGENTES S.A.
07.857.850/0001-50;GP INVESTMENTS, LTD.
09.229.201/0001-30;GPS PARTICIPAÇÕES E EMPREENDIMENTOS S.A.
14.191.427/0001-29;GRANBIO INVESTIMENTOS S.A.
81.616.807/0001-55;GRANJA FARIA S.A.
92.012.467/0001-70;GRAZZIOTIN S.A.
89.850.341/0001-60;GRENDENE S.A.
10.285.590/0001-08;GRUPO DE MODA SOMA S.A.
04.972.092/0001-22;GRUPO FARTURA DE HORTIFRUT S.A.
24.990.777/0001-09;GRUPO MATEUS S.A.
59.717.553/0001-02;GRUPO MULTI S.A.
13.217.485/0001-11;GRUPO SBF S.A.
08.397.078/0001-01;GSH CORP PARTICIPAÇÕES S.A.
08.402.943/0001-52;GUARARAPES CONFECCOES S.A.
09.304.427/0001-58;HABITASEC SECURITIZADORA SA
30.540.991/0001-66;HAGA S.A. INDUSTRIA E COMERCIO
05.197.443/0001-38;HAPVIDA PARTICIPAÇÕES E INVESTIMENTOS S.A.
14.785.152/0001-51;HBR REALTY EMPREENDIMENTOS IMOBILIÁRIOS S.A.
49.263.189/0001-02;HELBOR EMPREENDIMENTOS S.A.
92.749.225/0001-63;HERCULES S.A. FABRICA DE TALHERES
12.648.327/0001-53;HIDROVIAS DO BRASIL S.A.
40.159.947/0001-64;HMOBI PARTICIPAÇÕES S.A.
18.903.785/0001-78;HOLDING DO ARAGUAIA S.A.
25.249.439/0001-83;HOSPITAL CARE CALEDONIA S.A.
16.676.520/0001-59;HOSPITAL MATER DEI S.A.
18.483.666/0001-03;HUMBERG AGRIBRASIL COMÉRCIO E EXPORTAÇÃO DE GRÃOS S.A.
02.932.074/0001-91;HYPERA S.A.
32.431.519/0001-10;HÉLIO VALGAS SOLAR PARTICIPAÇÕES S.A.
08.159.965/0001-33;IGUA SANEAMENTO S.A.
51.218.147/0001-93;IGUATEMI EMPRESA DE SHOPPING CENTERS S.A
60.543.816/0001-93;IGUATEMI S.A.
42.353.180/0001-35;IGUÁ RIO DE JANEIRO S.A.
09.054.385/0001-44;INBRANDS S.A.
09.611.768/0001-76;INC EMPREENDIMENTOS IMOBILIÁRIOS S.A.
02.258.422/0001-97;INEPAR EQUIPAMENTOS E MONTAGENS S/A - EM RECUPERACAO JUDICIA
76.627.504/0001-06;INEPAR S.A. INDUSTRIA E CONSTRUCOES EM RECUPERACAO JUDICIAL
38.456.921/0001-36;INFRACOMMERCE CXAAS S.A.
35.822.503/0001-27;INSPIRALI EDUCAÇÃO S.A.
82.901.000/0001-27;INTELBRAS S.A. IND. DE TELECOMUNICAÇÃO ELETRÔNICA BRASILEIRA
42.737.954/0001-21;INTER & CO, INC.
62.258.884/0001-36;INTERCEMENT BRASIL S.A. - EM RECUPERAÇÃO JUDICIAL
17.314.329/0001-20;INTERNATIONAL MEAL COMPANY ALIMENTACAO S.A.
00.644.907/0001-93;INVESTCO S.A.
03.758.318/0001-24;INVESTIMENTOS E PARTICIP. EM INFRA S.A. - INVEPAR
61.156.113/0001-75;IOCHPE MAXION S.A.
92.791.243/0001-03;IRANI PAPEL E EMBALAGEM S.A.
33.376.989/0001-91;IRB - BRASIL RESSEGUROS S.A.
02.998.611/0001-04;ISA ENERGIA BRASIL
60.872.504/0001-23;ITAU UNIBANCO HOLDING S.A.
61.532.644/0001-15;ITAÚSA S.A.
02.635.522/0001-95;JALLES MACHADO S.A.
02.916.265/0001-60;JBS S.A.
08.294.224/0001-65;JHSF PARTICIPACOES S.A.
33.035.536/0001-00;JOAO FORTES ENGENHARIA S.A. - EM RECUPERAÇÃO JUDICIAL
52.548.435/0001-79;JSL S.A.
09.414.761/0001-64;K-INFRA RODOVIA DO AÇO S.A.
09.146.451/0001-06;KALLAS INCORPORAÇÕES E CONSTRUÇÕES S.A.
43.283.811/0001-50;KALUNGA S.A
91.983.056/0001-69;KEPLER WEBER S.A.
89.637.490/0001-45;KLABIN S.A.
13.270.520/0001-66;KORA SAÚDE PARTICIPAÇÕES S.A.
17.159.229/0001-76;LABORATÓRIO TEUTO BRASILEIRO S.A.
26.462.693/0001-28;LAVVI EMPREENDIMENTOS IMOBILIÁRIOS S.A.
21.414.457/0001-12;LEADS CIA. SECURITIZADORA
00.873.894/0001-24;LETS RENT A CAR S/A
02.357.251/0001-53;LIFEMED INDUSTRIAL DE EQUIP. E ART. MEDICOS E HOSP. S.A
04.368.865/0001-66;LIGGA TELECOMUNICAÇÕES S.A.
01.917.818/0001-36;LIGHT ENERGIA S.A.
03.378.521/0001-75;LIGHT S.A. - EM RECUPERAÇÃO JUDICIAL
60.444.437/0001-46;LIGHT SERVICOS DE ELETRICIDADE S.A.
00.974.211/0001-25;LINHA AMARELA S.A. - LAMSA
10.234.027/0001-00;LINHAS DE MACAPÁ TRANSMISSORA DE ENERGIA S/A
10.240.186/0001-00;LINHAS DE XINGU TRANSMISSORA DE ENERGIA S/A
00.743.065/0001-27;LITEL PARTICIPACOES S.A.
02.286.479/0001-08;LOCALIZA FLEET S.A.
16.670.085/0001-55;LOCALIZA RENT A CAR S.A.
09.041.168/0001-10;LOG COMMERCIAL PROPERTIES E PARTICIPAÇÕES
42.278.291/0001-24;LOG-IN LOGISTICA INTERMODAL S.A.
96.418.264/0218-02;LOJAS QUERO QUERO S.A.
92.754.738/0001-62;LOJAS RENNER S.A.
02.338.534/0001-58;LONGDIS S.A.
08.078.847/0001-09;LPS BRASIL - CONSULTORIA DE IMOVEIS S.A.
89.463.822/0001-12;LUPATECH S.A
43.948.405/0001-69;LUPO S.A.
02.351.877/0001-52;LWSA S/A
07.206.816/0001-15;M.DIAS BRANCO S.A. IND COM DE ALIMENTOS
13.783.221/0004-78;MADERO INDÚSTRIA E COMÉRCIO S.A.
08.795.211/0001-70;MAESTRO LOCADORA DE VEICULOS S.A.
47.960.950/0001-21;MAGAZINE LUIZA S.A.
60.476.884/0001-87;MAHLE METAL LEVE S.A.
09.584.854/0001-37;MANAUS TRANSMISSORA DE ENERGIA S.A
61.065.298/0001-02;MANGELS INDUSTRIAL S.A.
61.082.004/0001-50;MANUFATURA DE BRINQUEDOS ESTRELA S.A.
88.611.835/0001-29;MARCOPOLO S.A.
03.853.896/0001-40;MARFRIG GLOBAL FOODS S.A.
61.189.288/0001-89;MARISA LOJAS S.A.
12.181.987/0001-77;MELNICK DESENVOLVIMENTO IMOBILIÁRIO S.A.
17.162.082/0001-73;MENDES JUNIOR ENGENHARIA S.A.
04.821.041/0001-08;METALFRIO SOLUTIONS S.A.
92.690.783/0001-09;METALURGICA GERDAU S.A.
85.778.074/0001-06;METALURGICA RIOSULENSE S.A.
16.234.171/0001-15;METANOR SA METANOL DO NE
86.375.425/0001-09;METISA METALURGICA TIMBOENSE S.A.
27.093.558/0001-15;MILLS LOCAÇÃO, SERVIÇOS E LOGÍSTICA S.A.
67.620.377/0001-14;MINERVA S.A.
07.882.930/0001-65;MITRE REALTY EMPREENDIMENTOS E PARTICIPAÇÕES S.A.
12.592.831/0001-89;MNLT S.A.
31.553.627/0001-01;MOBLY S.A.
37.702.340/0001-74;MONTE RODOVIAS S.A.
33.102.476/0001-92;MONTEIRO ARANHA S.A.
12.049.631/0001-84;MOURA DUBEUX ENGENHARIA S/A
07.976.147/0001-60;MOVIDA LOCAÇÃO DE VEÍCULOS S.A.
21.314.559/0001-66;MOVIDA PARTICIPACOES SA
26.659.061/0001-59;MPM CORPÓREOS S.A.
01.417.222/0001-77;MRS LOGISTICA S.A.
08.343.492/0001-20;MRV ENGENHARIA E PARTICIPACOES S.A.
08.935.054/0001-50;MULTINER S/A
07.816.890/0001-53;MULTIPLAN - EMPREEND IMOBILIARIOS S.A.
88.610.191/0001-54;MUNDIAL S.A. - PRODUTOS DE CONSUMO
14.110.585/0001-07;MÉLIUZ S.A.
32.785.497/0001-97;NATURA &CO HOLDING S.A.
71.673.990/0001-77;NATURA COSMÉTICOS S.A.
01.083.200/0001-18;NEOENERGIA S.A.
10.139.870/0001-08;NEOGRID PARTICIPAÇÕES S.A.
09.625.321/0001-56;NORTE BRASIL TRANSMISSORA DE ENERGIA S.A.
12.300.288/0001-07;NORTE ENERGIA S.A.
04.992.714/0001-84;NOVA TRANSPORTADORA DO SUDESTE S.A. - NTS
51.128.999/0001-90;NUTRIPLANT INDUSTRIA E COMERCIO S.A.
09.114.805/0001-30;OCEANPACT SERVIÇOS MARITIMOS S.A.
29.980.141/0001-08;OCEÂNICA ENGENHARIA E CONSULTORIA S.A.
58.119.199/0001-51;ODONTOPREV S.A.
76.535.764/0001-43;OI S.A. - EM RECUPERAÇÃO JUDICIAL
21.110.778/0001-23;OLIVEIRA TRUST S.A.
12.104.241/0004-02;ONCOCLÍNICAS DO BRASIL SERVIÇOS MÉDICOS S.A.
32.021.201/0001-61;ORIGEM ENERGIA S.A.
09.112.685/0001-32;OSX BRASIL S.A. - EM RECUPERAÇÃO JUDICIAL
20.258.278/0001-70;OUROFINO S.A.
96.298.013/0001-68;PACAEMBU CONSTRUTORA S.A.
02.365.069/0001-44;PADTEC HOLDING S.A.
14.388.334/0001-99;PARANA BCO S.A.
60.398.369/0004-79;PARANAPANEMA S.A. - EM RECUPERAÇÃO JUDICIAL
44.854.238/0001-50;PARSAN S.A.
23.236.821/0001-27;PATRIMAR ENGENHARIA S.A.
83.475.913/0001-91;PBG S/A
02.950.811/0001-89;PDG REALTY S.A. EMPREEND E PARTICIPACOES
18.328.118/0001-09;PET CENTER COMÉRCIO E PARTICIPAÇÕES S.A.
02.031.413/0001-69;PETRO RIO JAGUAR PETRÓLEO S.A.
33.000.167/0001-01;PETROLEO BRASILEIRO S.A. PETROBRAS
03.342.704/0001-30;PETRORECÔNCAVO S.A.
88.613.658/0001-10;PETTENATI S.A. INDUSTRIA TEXTIL
24.230.275/0001-80;PLANO & PLANO DESENVOLVIMENTO IMOBILIÁRIO S.A.
85.041.333/0001-11;PORTO PONTA DO FELIX S/A
46.573.272/0001-81;PORTO SAÚDE PARTICIPAÇÕES S.A.
02.149.205/0001-69;PORTO SEGURO S.A.
51.430.503/0001-38;PORTO SERVIÇO S.A
18.494.485/0001-82;PORTO SUDESTE V.M. S.A.
81.243.735/0001-48;POSITIVO TECNOLOGIA S.A.
15.073.274/0001-88;PPLA PARTICIPATIONS LTD.
18.593.815/0001-97;PRINER SERVIÇOS INDUSTRIAIS S.A.
08.926.302/0001-05;PRIO FORTE S.A.
10.629.105/0001-68;PRIO S.A.
45.453.214/0001-51;PROFARMA DISTRIB PROD FARMACEUTICOS S.A.
02.382.073/0001-10;PROLAGOS S/A - CONC.DE SERVICOS PÚBLICOS DE ÁGUA E ESGOTO
02.992.449/0001-09;PROMPT PARTICIPACOES S.A.
08.574.411/0001-00;PRÁTICA PRODUTOS S.A.
26.072.786/0001-46;QESTRA TECNOLOGIA ADMINISTRAÇÃO E PARTICIPAÇÕES S.A.
11.992.680/0001-93;QUALICORP CONSULTORIA E CORRETORA DE SEGUROS S.A.
35.791.391/0001-94;QUALITY SOFTWARE S.A.
61.585.865/0001-51;RAIA DROGASIL S.A.
08.070.508/0001-78;RAIZEN ENERGIA S.A.
89.086.144/0001-16;RANDON S.A. IMPLEMENTOS E PARTICIPACOES
33.453.598/0001-23;RAÍZEN S.A.
10.452.416/0001-02;REAG CAPITAL HOLDING S.A.
14.127.813/0001-51;REAG INVESTIMENTOS S.A.
91.333.666/0001-17;RECRUSUL S.A.
06.047.087/0001-39;REDE D'OR SÃO LUIZ S.A.
61.584.140/0001-49;REDE ENERGIA PARTICIPAÇÕES S.A.
40.180.943/0001-68;REFINARIA DE MANAUS S.A.
08.534.605/0001-74;RENOVA ENERGIA S.A.
02.016.440/0001-62;RGE SUL DISTRIBUIDORA DE ENERGIA S.A.
40.480.481/0001-02;RIO ALTO STL HOLDING I S.A.
23.096.269/0001-19;RIO PARANA ENERGIA S.A.
02.998.301/0001-81;RIO PARANAPANEMA ENERGIA S.A.
42.292.007/0001-74;RIO+ SANEAMENTO BL 3 S.A.
59.981.829/0001-65;RODOBENS SA
41.508.382/0001-46;RODOVIAS DO BRASIL HOLDING S.A.
56.720.428/0001-63;ROMI S.A.
61.065.751/0001-80;ROSSI RESIDENCIAL S.A. - EM RECUPERAÇÃO JUDICIAL
33.572.408/0001-97;RUMO MALHA CENTRAL S.A.
24.962.466/0001-36;RUMO MALHA NORTE S.A.
39.115.514/0001-28;RUMO MALHA OESTE S.A.
02.502.844/0001-66;RUMO MALHA PAULISTA S.A.
01.258.944/0001-26;RUMO MALHA SUL S.A.
02.387.241/0001-60;RUMO S.A.
03.818.379/0001-30;SABER SERVIÇOS EDUCACIONAIS S.A.
13.522.948/0001-59;SAFIRA HOLDING S.A.
15.494.541/0001-90;SALUS INFRAESTRUTURA PORTUARIA SA
01.616.929/0001-02;SANEAMENTO DE GOIAS SA
14.807.945/0001-24;SANSUY S.A. INDUSTRIA DE PLASTICOS
09.391.823/0001-60;SANTO ANTONIO ENERGIA S.A.
02.762.121/0001-04;SANTOS BRASIL PARTICIPACOES S.A.
51.466.860/0001-56;SAO MARTINHO S.A.
06.347.409/0001-65;SBF COMÉRCIO DE PRODUTOS ESPORTIVOS S.A.
84.693.183/0001-68;SCHULZ S.A.
07.119.838/0001-48;SECME - COMPANHIA SECURITIZADORA DE CRÉDITOS IMOBILIÁRIOS
87.043.832/0001-73;SEIVA S.A. - FLORESTAS E INDÚSTRIAS
06.057.223/0001-71;SENDAS DISTRIBUIDORA S.A.
80.680.093/0001-81;SENIOR SISTEMAS S.A.
01.599.101/0001-93;SEQUOIA LOGÍSTICA E TRANSPORTES S.A.
04.986.320/0001-13;SER EDUCACIONAL S.A.
42.500.384/0001-51;SERENA ENERGIA S.A.
09.149.503/0001-06;SERENA GERAÇÃO S.A.
07.415.333/0001-20;SIMPAR S.A.
89.096.457/0001-55;SLC AGRICOLA S.A.
07.594.978/0001-78;SMARTFIT ESCOLA DE GINÁSTICA E DANÇA S.A.
73.903.718/0001-61;SNB PARTICIPACOES SA
46.119.855/0001-37;SOCIEDADE ABASTECIMENTO DE ÁGUA E SANEAMENTO S.A - SANASA
41.052.420/0001-07;SOLAR BEBIDAS S.A.
40.263.170/0001-83;SOLVI ESSENCIS AMBIENTAL S.A.
48.710.127/0001-20;SPE NOVO NORTE AEROPORTOS S.A
00.622.416/0001-41;STATKRAFT ENERGIAS RENOVAVEIS S.A.
02.062.747/0001-08;SUDESTE S.A.
01.957.772/0001-89;SUL 116 PARTICIPACOES S.A.
60.651.809/0001-05;SUZANO HOLDING S.A.
16.404.287/0001-55;SUZANO S.A.
08.801.621/0001-86;SYN PROP & TECH S.A.
92.781.335/0001-02;TAURUS ARMAS S.A.
26.345.998/0001-50;TC S.A.
12.919.786/0001-24;TCP TERMINAL DE CONTEINERES DE PARANAGUA SA
08.424.178/0001-71;TECBLU TECELAGEM BLUMENAU S.A.
09.295.063/0001-97;TECHNOS S.A.
17.359.233/0001-88;TECIDOS E ARMARINHOS MIGUEL BARTOLOMEU S.A.
02.351.144/0001-18;TEGMA GESTAO LOGISTICA S.A.
30.213.493/0001-09;TEGRA INCORPORADORA S.A.
00.336.701/0001-04;TELEC BRASILEIRAS S.A. TELEBRAS
02.558.157/0001-62;TELEFÔNICA BRASIL S.A
10.502.676/0001-37;TERMELÉTRICA PERNAMBUCO III S.A.
02.664.042/0001-52;TERMINAL GARAGEM MENEZES CORTES S.A.
03.795.050/0001-09;TERMOPERNAMBUCO S.A.
84.684.455/0001-63;TIGRE S.A. PARTICIPAÇÕES
02.600.854/0001-34;TIM BRASIL SERVIÇOS E PARTICIPAÇÕES S.A.
02.421.421/0001-11;TIM S.A.
53.113.791/0001-22;TOTVS S.A.
59.418.806/0001-47;TRACK & FIELD CO S.A.
09.074.183/0001-64;TRANSBRASILIANA CONCESSIONÁRIA DE RODOVIA S.A
07.859.971/0001-30;TRANSMISSORA ALIANÇA DE ENERGIA ELÉTRICA S.A.
21.728.083/0001-00;TRANSMISSORA JOSÉ MARIA DE MACEDO DE ELETRICIDADE S.A.
02.281.836/0001-37;TRANSNORDESTINA LOGISTICA SA
26.609.050/0001-64;TRAVESSIA SECURITIZADORA S.A.
23.438.929/0001-00;TRIPLE PLAY BRASIL PARTICIPAÇÕES S.A.
08.811.643/0001-27;TRISUL S.A.
15.115.504/0001-24;TRONOX PIGMENTOS DO BRASIL S.A.
94.813.102/0001-70;TRÊS TENTOS AGROINDUSTRIAL S/A
84.683.374/0001-49;TUPY S.A.
33.256.439/0001-39;ULTRAPAR PARTICIPACOES S.A.
90.441.460/0001-48;UNICASA INDÚSTRIA DE MÓVEIS S.A.
45.736.131/0001-70;UNIDAS LOCADORA S.A.
75.609.123/0001-23;UNIDAS LOCAÇÕES E SERVIÇOS S.A.
02.255.187/0001-08;UNIFIQUE TELECOMUNICAÇÕES S.A.
05.303.439/0001-07;UNIGEL PARTICIPAÇÕES S.A.
33.958.695/0001-78;UNIPAR CARBOCLORO S.A.
60.665.981/0001-18;UNIÃO QUÍMICA FARMACÊUTICA NACIONAL S.A.
10.571.175/0001-02;URBA DESENVOLVIMENTO URBANO S.A.
04.739.720/0001-24;USINA TERMELÉTRICA PAMPA SUL S.A.
60.894.730/0001-05;USINAS SID DE MINAS GERAIS S.A.-USIMINAS
02.041.460/0001-93;V. TAL - REDE NEUTRA DE TELECOMUNICAÇÕES S.A.
33.592.510/0001-54;VALE S.A.
33.113.309/0001-47;VALID SOLUÇÕES S.A.
23.373.000/0001-32;VAMOS LOCAÇÃO DE CAMINHÕES, MÁQUINAS E EQUIPAMENTOS S.A.
06.016.348/0001-53;VENTOS DO SUL ENERGIA S.A.
31.748.174/0001-60;VERO S.A.
49.669.856/0001-43;VESTE S.A. ESTILO
44.067.725/0001-72;VIA BRASIL BR 163 CONCESSIONÁRIA DE RODOVIAS S.A.
10.670.314/0001-55;VIABAHIA CONCESSIONÁRIA DE RODOVIAS SA
28.019.100/0001-89;VIAPAULISTA S.A.
10.635.691/0001-53;VIARONDON CONCESSIONÁRIA DE RODOVIA S.A.
34.274.233/0001-02;VIBRA ENERGIA S/A
08.769.451/0001-08;VIRGO COMPANHIA DE SECURITIZAÇÃO
08.937.002/0001-13;VISION SECURITIZADORA S.A.
02.536.066/0001-26;VITAL ENGENHARIA AMBIENTAL S.A.
20.512.706/0001-40;VITRU BRASIL EMPREENDIMENTOS, PARTICIPAÇÕES E COMÉRCIO S.A.
45.365.558/0001-09;VITTIA S.A.
33.839.910/0001-11;VIVARA PARTICIPAÇÕES S.A.
67.571.414/0001-41;VIVER INCORPORADORA E CONSTRUTORA S.A.
04.212.396/0001-91;VOKE S.A.
01.637.895/0001-32;VOTORANTIM CIMENTOS S.A.
41.570.356/0001-48;VRENTAL LOCAÇÃO DE MÁQUINAS E EQUIPAMENTOS S.A.
50.926.955/0001-42;VULCABRAS S.A.
09.813.204/0001-16;W2W E-COMMERCE DE VINHOS S.A.
84.429.695/0001-11;WEG S.A.
14.776.142/0001-50;WESTWING COMÉRCIO VAREJISTA S.A.
59.105.999/0001-86;WHIRLPOOL S.A.
33.130.691/0001-05;WILSON SONS S.A.
42.278.473/0001-03;WIZ CO PARTICIPAÇÕES E CORRETAGEM DE SEGUROS S.A.
33.228.024/0001-51;WLM PART. E COMÉRCIO DE MÁQUINAS E VEÍCULOS S.A.
16.838.421/0001-26;XP INVESTIMENTOS S.A.
03.538.833/0001-07;XX DE NOVEMBRO INVESTIMENTOS E PARTICIPAÇÕES S.A.
02.217.319/0001-07;YBYRÁ CAPITAL S.A.
08.807.432/0001-10;YDUQS PARTICIPACOES S.A.
09.267.996/0001-70;YUNY INCORPORADORA HOLDING S.A.
13.574.594/0001-96;ZAMP SA
27.157.474/0001-06;ÁGUAS DE TERESINA SANEAMENTO SPE S.A.
42.310.775/0001-03;ÁGUAS DO RIO 1 SPE S.A.
42.644.220/0001-06;ÁGUAS DO RIO 4 SPE S.A.
45.456.117/0001-12;ÁGUAS DO SERTÃO S.A.
04.089.570/0001-50;ÁGUAS GUARIROBA S.A
